Date,Orders_Count,Revenue,Avg_Order_Value,Unique_Customers,Total_Items
2016-09-04,1,136.23,136.23,1,0.0
2016-09-05,1,75.06,75.06,1,1.0
2016-09-13,1,40.95,40.95,1,0.0
2016-09-15,1,0.0,,1,1.0
2016-10-02,1,109.34,109.34,1,1.0
2016-10-03,8,595.14,74.3925,8,8.0
2016-10-04,63,6040.77,120.81540000000001,63,52.0
2016-10-05,47,3727.62,106.50342857142857,47,33.0
2016-10-06,51,4709.68,109.52744186046512,51,43.0
2016-10-07,46,4497.97,121.56675675675676,46,40.0
2016-10-08,42,3579.64,115.47225806451613,42,28.0
2016-10-09,26,1669.1,87.84736842105262,26,21.0
2016-10-10,39,3078.19,87.94828571428572,39,33.0
2016-10-22,1,61.99,61.99,1,0.0
2016-12-23,1,19.62,19.62,1,1.0
2017-01-05,32,707.27,22.1021875,32,32.0
2017-01-06,4,338.28,84.57,4,3.0
2017-01-07,4,212.04000000000002,106.02000000000001,4,2.0
2017-01-08,6,809.63,134.93833333333333,6,6.0
2017-01-09,5,298.74,99.58,5,4.0
2017-01-10,6,426.34000000000003,106.58500000000001,6,4.0
2017-01-11,12,1017.43,127.17875,12,8.0
2017-01-12,13,451.16,56.395,13,11.0
2017-01-13,12,999.94,142.84857142857143,12,6.0
2017-01-14,18,1346.69,79.21705882352941,18,16.0
2017-01-15,14,1223.65,122.36500000000001,14,11.0
2017-01-16,19,1205.03,86.07357142857143,19,15.0
2017-01-17,32,2478.53,91.79740740740742,32,29.0
2017-01-18,33,2869.44,98.94620689655173,33,27.0
2017-01-19,29,2518.7999999999997,96.87692307692306,29,25.0
2017-01-20,29,2150.44,93.49739130434783,29,25.0
2017-01-21,24,2009.72,95.70095238095239,24,20.0
2017-01-22,31,2668.75,98.8425925925926,31,28.0
2017-01-23,39,2637.69,94.20321428571428,39,31.0
2017-01-24,40,3679.89,114.9965625,40,34.0
2017-01-25,63,5278.61,99.59641509433962,63,54.0
2017-01-26,86,8245.84,112.95671232876713,86,74.0
2017-01-27,62,6229.74,119.8026923076923,62,47.0
2017-01-28,29,2199.71,99.98681818181818,29,21.0
2017-01-29,35,3775.06,130.17448275862068,35,29.0
2017-01-30,53,4755.34,121.93179487179488,53,43.0
2017-01-31,70,6727.35,110.2844262295082,70,57.0
2017-02-01,73,6861.93,103.96863636363636,73,58.0
2017-02-02,69,6541.46,114.76245614035088,69,55.0
2017-02-03,60,5359.15,109.3704081632653,60,46.0
2017-02-04,67,6321.54,114.93709090909091,67,56.0
2017-02-05,75,7211.46,107.63373134328359,75,64.0
2017-02-06,85,8456.32,111.26736842105262,85,71.0
2017-02-07,112,9000.72,92.79092783505153,112,93.0
2017-02-08,95,9428.11,109.62918604651163,95,75.0
2017-02-09,77,6710.61,103.24015384615385,77,68.0
2017-02-10,66,5742.3,110.42884615384615,66,53.0
2017-02-11,49,4228.91,96.1115909090909,49,40.0
2017-02-12,64,4994.57,92.49203703703704,64,52.0
2017-02-13,78,7052.45,105.26044776119403,78,61.0
2017-02-14,76,6512.35,112.28189655172415,76,58.0
2017-02-15,62,5711.6,100.20350877192983,62,52.0
2017-02-16,55,5749.15,117.32959183673469,55,46.0
2017-02-17,46,4576.7,117.35128205128204,46,40.0
2017-02-18,54,3853.81,96.34525,54,47.0
2017-02-19,40,3456.86,93.42864864864865,40,38.0
2017-02-20,63,5622.04,98.63228070175438,63,58.0
2017-02-21,41,3242.49,92.64257142857143,41,34.0
2017-02-22,63,4923.79,91.1812962962963,63,52.0
2017-02-23,59,4276.29,89.089375,59,52.0
2017-02-24,64,5010.99,87.9121052631579,64,57.0
2017-02-25,43,4238.02,103.36634146341464,43,40.0
2017-02-26,46,4930.75,114.6686046511628,46,40.0
2017-02-27,43,2980.61,82.79472222222222,43,38.0
2017-02-28,55,4627.36,107.61302325581394,55,44.0
2017-03-01,99,10690.71,118.78566666666666,99,86.0
2017-03-02,72,6468.3,104.32741935483871,72,59.0
2017-03-03,74,5872.85,97.88083333333334,74,60.0
2017-03-04,80,6277.72,96.5803076923077,80,66.0
2017-03-05,74,6528.56,97.44119402985075,74,67.0
2017-03-06,105,8439.62,91.73500000000001,105,88.0
2017-03-07,82,7844.5,117.08208955223881,82,72.0
2017-03-08,79,7122.29,107.91348484848484,79,64.0
2017-03-09,93,8982.94,105.68164705882353,93,81.0
2017-03-10,88,7904.51,104.00671052631579,88,74.0
2017-03-11,71,5344.0199999999995,90.57661016949152,71,59.0
2017-03-12,64,6480.65,108.01083333333332,64,60.0
2017-03-13,111,9880.07,102.91739583333333,111,97.0
2017-03-14,99,9730.69,109.33359550561798,99,85.0
2017-03-15,108,9839.81,108.12978021978022,108,89.0
2017-03-16,103,9786.14,113.79232558139535,103,83.0
2017-03-17,65,6279.86,120.76653846153846,65,51.0
2017-03-18,73,5824.2300000000005,100.41775862068967,73,64.0
2017-03-19,56,6444.73,128.8946,56,50.0
2017-03-20,119,12441.11,118.4867619047619,119,100.0
2017-03-21,97,8294.87,97.58670588235294,97,83.0
2017-03-22,105,8812.09,96.83615384615385,105,95.0
2017-03-23,114,10505.12,107.19510204081634,114,97.0
2017-03-24,79,6572.39,98.09537313432837,79,67.0
2017-03-25,76,6672.88,101.10424242424243,76,63.0
2017-03-26,64,5827.9400000000005,100.48172413793104,64,58.0
2017-03-27,111,10635.78,111.95557894736842,111,91.0
2017-03-28,103,9627.74,104.64934782608695,103,84.0
2017-03-29,74,6081.59,98.09016129032258,74,64.0
2017-03-30,74,5884.5,93.4047619047619,74,64.0
2017-03-31,70,6223.51,105.48322033898306,70,56.0
2017-04-01,68,5222.99,96.72203703703703,68,56.0
2017-04-02,65,6301.16,112.52071428571428,65,56.0
2017-04-03,72,5885.99,94.93532258064516,72,65.0
2017-04-04,96,9406.82,110.6684705882353,96,86.0
2017-04-05,96,7106.17,94.74893333333334,96,79.0
2017-04-06,96,8269.97,103.374625,96,76.0
2017-04-07,85,8172.85,110.44391891891892,85,73.0
2017-04-08,68,5878.64,101.35586206896552,68,59.0
2017-04-09,73,6595.79,106.38370967741936,73,65.0
2017-04-10,87,8068.349999999999,107.57799999999999,87,72.0
2017-04-11,78,7086.8,98.42777777777778,78,72.0
2017-04-12,63,5988.28,108.87781818181817,63,51.0
2017-04-13,60,5721.48,112.18588235294116,60,47.0
2017-04-14,54,5363.24,119.1831111111111,54,41.0
2017-04-15,52,3900.8700000000003,90.71790697674419,52,44.0
2017-04-16,49,4888.36,113.6827906976744,49,42.0
2017-04-17,65,6842.13,120.03736842105263,65,55.0
2017-04-18,71,6447.63,119.40055555555556,71,54.0
2017-04-19,97,9807.47,112.72954022988505,97,88.0
2017-04-20,98,8370.64,103.34123456790122,98,83.0
2017-04-21,68,5675.62,97.8555172413793,68,61.0
2017-04-22,84,6543.51,97.66432835820896,84,70.0
2017-04-23,88,8495.27,106.190875,88,77.0
2017-04-24,115,11410.55,112.97574257425742,115,97.0
2017-04-25,111,10365.16,106.85731958762887,111,92.0
2017-04-26,125,11922.53,110.3937962962963,125,111.0
2017-04-27,80,7462.07,106.601,80,66.0
2017-04-28,98,8020.03,101.5193670886076,98,80.0
2017-04-29,74,6709.87,113.72661016949152,74,59.0
2017-04-30,68,6852.17,116.1384745762712,68,60.0
2017-05-01,117,8821.4,92.85684210526315,117,103.0
2017-05-02,128,9978.34,97.82686274509804,128,106.0
2017-05-03,103,8542.24,93.87076923076923,103,92.0
2017-05-04,109,9836.91,109.29899999999999,109,98.0
2017-05-05,111,10670.18,105.64534653465347,111,100.0
2017-05-06,109,9866.14,107.24065217391303,109,90.0
2017-05-07,111,9146.04,98.34451612903227,111,87.0
2017-05-08,124,11421.79,109.82490384615386,124,103.0
2017-05-09,128,11906.42,107.26504504504504,128,106.0
2017-05-10,116,9175.54,97.61212765957448,116,94.0
2017-05-11,126,10983.03,103.61349056603774,126,104.0
2017-05-12,115,10487.55,102.81911764705882,115,92.0
2017-05-13,73,7360.48,113.23815384615384,73,62.0
2017-05-14,112,9070.69,99.67791208791209,112,90.0
2017-05-15,157,12431.8,90.74306569343065,157,131.0
2017-05-16,153,12478.22,99.82575999999999,153,129.0
2017-05-17,141,13054.72,101.19937984496123,141,123.0
2017-05-18,125,10222.8,103.26060606060605,125,98.0
2017-05-19,144,12477.19,100.6225,144,129.0
2017-05-20,72,7146.88,115.27225806451614,72,55.0
2017-05-21,148,13710.15,104.65763358778625,148,134.0
2017-05-22,148,10917.43,96.61442477876106,148,120.0
2017-05-23,125,11724.380000000001,110.60735849056604,125,100.0
2017-05-24,142,11155.3,98.71946902654867,142,118.0
2017-05-25,108,9335.91,106.08988636363637,108,90.0
2017-05-26,80,6588.14,99.82030303030304,80,65.0
2017-05-27,83,6896.2,106.09538461538462,83,63.0
2017-05-28,98,8984.49,102.09647727272727,98,92.0
2017-05-29,160,14443.25,101.00174825174825,160,139.0
2017-05-30,105,8765.38,97.3931111111111,105,85.0
2017-05-31,129,10802.05,104.87427184466019,129,101.0
2017-06-01,124,9991.07,99.91069999999999,124,102.0
2017-06-02,127,12309.81,112.9340366972477,127,102.0
2017-06-03,89,7506.42,95.01797468354431,89,76.0
2017-06-04,102,8196.56,93.14272727272727,102,87.0
2017-06-05,147,12461.54,99.69232000000001,147,126.0
2017-06-06,134,12218.55,101.82124999999999,134,118.0
2017-06-07,129,11932.09,101.11940677966102,129,99.0
2017-06-08,137,11398.24,98.26068965517241,137,112.0
2017-06-09,108,9407.07,103.3743956043956,108,85.0
2017-06-10,77,6435.25,97.50378787878788,77,66.0
2017-06-11,115,8884.19,94.51265957446809,115,94.0
2017-06-12,126,10895.51,97.28133928571428,126,112.0
2017-06-13,126,10517.88,97.38777777777777,126,106.0
2017-06-14,131,11947.02,102.99155172413793,131,110.0
2017-06-15,108,8872.33,94.38648936170213,108,92.0
2017-06-16,97,8217.62,97.82880952380954,97,82.0
2017-06-17,75,6024.650000000001,98.76475409836067,75,61.0
2017-06-18,90,8249.49,105.7626923076923,90,77.0
2017-06-19,156,14810.630000000001,108.90169117647059,156,131.0
2017-06-20,94,6866.26,90.34552631578947,94,74.0
2017-06-21,35,3385.69,112.85633333333334,35,16.0
2017-06-22,88,8744.92,107.96197530864198,88,78.0
2017-06-23,107,10433.94,108.686875,107,92.0
2017-06-24,76,7013.54,101.64550724637681,76,69.0
2017-06-25,105,8344.16,99.3352380952381,105,84.0
2017-06-26,72,6151.94,99.22483870967741,72,59.0
2017-06-27,141,13090.960000000001,105.57225806451613,141,122.0
2017-06-28,120,11498.31,104.5300909090909,120,105.0
2017-06-29,114,9073.41,92.5858163265306,114,98.0
2017-06-30,95,8898.49,108.51817073170731,95,73.0
2017-07-01,80,6644.68,99.17432835820895,80,62.0
2017-07-02,108,9833.7,100.34387755102041,108,90.0
2017-07-03,118,9099.49,97.84397849462366,118,96.0
2017-07-04,125,9462.04,92.7650980392157,125,102.0
2017-07-05,145,13228.06,107.54520325203252,145,114.0
2017-07-06,154,13538.17,104.13976923076923,154,120.0
2017-07-07,121,9782.86,95.91039215686276,121,97.0
2017-07-08,84,8723.65,121.16180555555555,84,69.0
2017-07-09,94,7876.46,91.58674418604652,94,79.0
2017-07-10,143,13310.63,108.21650406504064,143,110.0
2017-07-11,165,15464.23,108.90302816901408,165,136.0
2017-07-12,153,14631.59,110.01195488721805,153,128.0
2017-07-13,137,13136.26,105.09008,137,118.0
2017-07-14,149,13316.8,105.68888888888888,149,132.0
2017-07-15,98,8699.08,101.15209302325582,98,85.0
2017-07-16,114,10135.26,107.82191489361702,114,99.0
2017-07-17,168,15529.97,108.6011888111888,168,143.0
2017-07-18,192,15498.63,99.3501923076923,192,164.0
2017-07-19,153,12676.1,96.76412213740458,153,133.0
2017-07-20,142,11288.52,100.79035714285715,142,114.0
2017-07-21,115,9529.37,92.51815533980583,115,101.0
2017-07-22,88,8329.72,109.60157894736841,88,75.0
2017-07-23,105,8894.01,98.82233333333333,105,91.0
2017-07-24,162,15303.21,107.76908450704225,162,145.0
2017-07-25,153,11877.56,91.36584615384615,153,128.0
2017-07-26,124,10066.14,90.68594594594595,124,113.0
2017-07-27,124,10793.85,102.79857142857144,124,103.0
2017-07-28,132,11420.68,103.82436363636364,132,112.0
2017-07-29,115,9959.95,104.84157894736843,115,95.0
2017-07-30,117,9387.24,93.8724,117,99.0
2017-07-31,148,12213.54,95.41828125,148,124.0
2017-08-01,165,15284.51,108.40078014184397,165,137.0
2017-08-02,157,13207.1,95.01510791366907,157,139.0
2017-08-03,148,13422.18,105.68645669291338,148,128.0
2017-08-04,142,11947.5,103.8913043478261,142,121.0
2017-08-05,115,9141.25,92.33585858585859,115,99.0
2017-08-06,109,9408.45,102.26576086956523,109,89.0
2017-08-07,157,13640.37,104.12496183206108,157,132.0
2017-08-08,146,13078.02,109.89932773109244,146,131.0
2017-08-09,144,11771.61,99.75940677966102,144,122.0
2017-08-10,157,14948.73,109.91713235294117,157,130.0
2017-08-11,141,13756.09,114.63408333333334,141,108.0
2017-08-12,98,8505.32,107.66227848101265,98,76.0
2017-08-13,96,8927.68,103.81023255813953,96,84.0
2017-08-14,159,13145.19,98.0984328358209,159,137.0
2017-08-15,194,18536.78,107.14901734104046,194,164.0
2017-08-16,174,14535.3,98.21148648648648,174,151.0
2017-08-17,158,15486.12,105.34775510204082,158,136.0
2017-08-18,147,12581.86,95.31712121212122,147,128.0
2017-08-19,108,8463.63,91.99597826086956,108,94.0
2017-08-20,104,8989.84,96.66494623655915,104,91.0
2017-08-21,177,18019.54,113.33044025157233,177,149.0
2017-08-22,138,12740.970000000001,103.58512195121952,138,110.0
2017-08-23,112,10184.65,106.09010416666666,112,98.0
2017-08-24,128,12284.91,104.99923076923076,128,110.0
2017-08-25,123,11218.27,104.84364485981308,123,104.0
2017-08-26,93,8634.58,102.79261904761904,93,85.0
2017-08-27,119,10097.51,96.16676190476191,119,100.0
2017-08-28,155,15125.76,108.04114285714286,155,132.0
2017-08-29,137,12590.63,116.5799074074074,137,96.0
2017-08-30,181,15789.31,105.96852348993288,181,143.0
2017-08-31,149,13419.48,106.50380952380952,149,124.0
2017-09-01,158,13902.75,108.615234375,158,127.0
2017-09-02,104,8746.04,99.38681818181819,104,86.0
2017-09-03,125,10965.6,116.65531914893617,125,101.0
2017-09-04,150,13697.53,110.46395161290323,150,118.0
2017-09-05,157,14773.88,107.05710144927535,157,131.0
2017-09-06,140,11415.92,99.26886956521739,140,113.0
2017-09-07,99,8051.24,99.39802469135802,99,80.0
2017-09-08,116,10777.12,104.63223300970874,116,99.0
2017-09-09,106,9103.71,100.04076923076921,106,84.0
2017-09-10,136,13869.32,114.62247933884298,136,112.0
2017-09-11,180,16063.08,102.31261146496816,180,154.0
2017-09-12,206,19612.69,110.18365168539326,206,169.0
2017-09-13,207,19956.72,106.15276595744682,207,179.0
2017-09-14,166,17352.06,118.04122448979592,166,140.0
2017-09-15,150,14132.33,106.25812030075188,150,122.0
2017-09-16,129,12686.94,115.33581818181818,129,106.0
2017-09-17,126,11927.19,113.59228571428572,126,97.0
2017-09-18,183,16693.53,109.10803921568626,183,151.0
2017-09-19,154,15752.52,114.14869565217391,154,138.0
2017-09-20,163,14910.28,113.81893129770992,163,132.0
2017-09-21,150,14083.699999999999,109.17596899224806,150,125.0
2017-09-22,138,13671.21,111.1480487804878,138,121.0
2017-09-23,88,8230.65,106.89155844155843,88,68.0
2017-09-24,118,11833.95,109.57361111111112,118,94.0
2017-09-25,136,11871.86,104.13912280701754,136,113.0
2017-09-26,180,16459.23,105.50788461538461,180,155.0
2017-09-27,147,12723.62,104.29196721311476,147,122.0
2017-09-28,143,12855.31,108.02781512605041,143,119.0
2017-09-29,121,9893.42,97.95465346534654,121,93.0
2017-09-30,109,9669.68,96.6968,109,100.0
2017-10-01,128,10955.21,104.33533333333332,128,105.0
2017-10-02,143,13352.99,110.35528925619835,143,114.0
2017-10-03,198,19472.1,108.17833333333333,198,162.0
2017-10-04,157,15173.92,106.85859154929578,157,126.0
2017-10-05,140,12904.92,105.77803278688525,140,120.0
2017-10-06,130,11960.9,104.00782608695651,130,105.0
2017-10-07,105,10222.65,112.33681318681319,105,87.0
2017-10-08,126,12882.93,115.02616071428572,126,99.0
2017-10-09,193,18917.36,113.27760479041916,193,147.0
2017-10-10,185,16296.06,103.13962025316455,185,144.0
2017-10-11,158,15632.619999999999,111.66157142857142,158,129.0
2017-10-12,143,14724.57,116.86166666666666,143,115.0
2017-10-13,154,12534.24,100.27392,154,115.0
2017-10-14,116,11674.42,108.09648148148148,116,95.0
2017-10-15,121,10238.31,102.3831,121,96.0
2017-10-16,195,20690.51,123.89526946107783,195,162.0
2017-10-17,202,17258.8,101.52235294117646,202,165.0
2017-10-18,179,19580.77,125.51775641025641,179,137.0
2017-10-19,176,16623.64,108.65124183006536,176,145.0
2017-10-20,124,11309.04,113.0904,124,92.0
2017-10-21,113,11624.61,115.09514851485149,113,95.0
2017-10-22,158,15528.1,108.5881118881119,158,133.0
2017-10-23,161,15260.16,107.46591549295775,161,134.0
2017-10-24,164,14029.0,100.92805755395683,164,138.0
2017-10-25,156,14104.61,100.74721428571429,156,131.0
2017-10-26,144,12927.24,107.727,144,113.0
2017-10-27,133,11421.94,99.32121739130436,133,112.0
2017-10-28,88,7719.5599999999995,110.27942857142857,88,66.0
2017-10-29,132,12209.89,106.17295652173912,132,112.0
2017-10-30,149,14542.9,107.72518518518518,149,119.0
2017-10-31,160,14000.24,100.72115107913669,160,131.0
2017-11-01,111,9003.97,105.9290588235294,111,88.0
2017-11-02,124,13013.93,127.58754901960785,124,97.0
2017-11-03,143,14129.9,114.87723577235772,143,111.0
2017-11-04,111,9844.99,107.01076086956522,111,90.0
2017-11-05,144,13164.23,102.845546875,144,118.0
2017-11-06,193,17086.97,105.47512345679013,193,148.0
2017-11-07,160,14408.68,104.41072463768116,160,126.0
2017-11-08,175,15977.1,100.48490566037736,175,142.0
2017-11-09,191,16801.06,100.60514970059882,191,164.0
2017-11-10,165,15711.56,107.61342465753424,165,148.0
2017-11-11,159,15256.28,109.75741007194245,159,130.0
2017-11-12,174,15633.93,102.85480263157895,174,143.0
2017-11-13,205,20089.95,110.99419889502762,205,157.0
2017-11-14,192,20002.04,117.65905882352942,192,150.0
2017-11-15,186,17610.47,108.70660493827161,186,155.0
2017-11-16,226,21203.44,103.43141463414634,226,200.0
2017-11-17,197,20573.45,118.92167630057804,197,148.0
2017-11-18,149,12746.28,109.88172413793104,149,111.0
2017-11-19,158,15644.89,110.17528169014084,158,136.0
2017-11-20,230,21285.78,113.82770053475936,230,179.0
2017-11-21,228,19358.63,101.35408376963352,228,186.0
2017-11-22,201,18597.7,107.50115606936417,201,165.0
2017-11-23,283,22999.15,105.0189497716895,283,217.0
2017-11-24,1176,97008.33,100.21521694214876,1176,978.0
2017-11-25,499,41321.67,99.5702891566265,499,431.0
2017-11-26,391,35102.06,104.16041543026705,391,348.0
2017-11-27,403,36976.01,107.48840116279071,403,351.0
2017-11-28,380,35679.43,107.14543543543543,380,323.0
2017-11-29,323,29088.68,104.2605017921147,323,263.0
2017-11-30,267,23275.47,99.89472103004293,267,237.0
2017-12-01,275,25641.71,111.4856956521739,275,233.0
2017-12-02,216,24288.36,122.66848484848485,216,184.0
2017-12-03,234,23733.39,114.10283653846153,234,202.0
2017-12-04,337,35876.1,119.98695652173913,337,272.0
2017-12-05,282,29032.5,114.75296442687747,282,237.0
2017-12-06,280,25971.19,109.58308016877636,280,222.0
2017-12-07,229,24954.3,116.60887850467289,229,197.0
2017-12-08,219,21235.23,112.95335106382979,219,181.0
2017-12-09,155,14608.24,107.4135294117647,155,127.0
2017-12-10,190,17625.12,106.81890909090909,190,160.0
2017-12-11,267,25878.75,112.5163043478261,267,232.0
2017-12-12,260,25403.47,111.90955947136564,260,233.0
2017-12-13,218,22772.1,120.48730158730157,218,185.0
2017-12-14,200,16815.01,98.91182352941175,200,169.0
2017-12-15,192,18054.36,108.76120481927711,192,157.0
2017-12-16,131,11385.26,106.40429906542056,131,109.0
2017-12-17,133,11465.57,99.70060869565218,133,114.0
2017-12-18,209,19872.45,113.55685714285714,209,174.0
2017-12-19,176,17171.67,110.78496774193547,176,152.0
2017-12-20,171,15814.25,112.95892857142857,171,134.0
2017-12-21,143,12504.61,101.66349593495936,143,117.0
2017-12-22,111,9443.92,99.40968421052632,111,96.0
2017-12-23,109,9315.58,103.50644444444444,109,85.0
2017-12-24,59,6102.7300000000005,108.97732142857144,59,54.0
2017-12-25,90,8066.22,102.1040506329114,90,74.0
2017-12-26,168,14312.2,98.02876712328768,168,145.0
2017-12-27,167,16190.46,105.13285714285713,167,151.0
2017-12-28,146,13689.61,102.92939849624061,146,132.0
2017-12-29,135,12467.9,103.0404958677686,135,118.0
2017-12-30,97,9563.73,115.2256626506024,97,83.0
2017-12-31,74,5718.03,92.22629032258064,74,65.0
2018-01-01,74,7939.34,110.26861111111111,74,65.0
2018-01-02,204,20345.91,107.65031746031745,204,176.0
2018-01-03,225,24091.74,119.26603960396041,225,183.0
2018-01-04,258,25169.05,110.87687224669604,258,217.0
2018-01-05,210,23682.58,125.97117021276597,210,185.0
2018-01-06,216,20898.58,109.99252631578948,216,189.0
2018-01-07,196,19090.49,111.64029239766083,196,162.0
2018-01-08,293,28760.33,109.35486692015209,293,254.0
2018-01-09,252,22789.48,101.73875,252,219.0
2018-01-10,277,27003.43,109.7700406504065,277,222.0
2018-01-11,266,23561.16,104.2529203539823,266,214.0
2018-01-12,243,22737.88,105.75758139534884,243,195.0
2018-01-13,219,23684.92,117.25207920792079,219,183.0
2018-01-14,235,21249.78,103.65746341463414,235,202.0
2018-01-15,307,29559.12,106.71162454873645,307,261.0
2018-01-16,302,30058.65,113.4288679245283,302,252.0
2018-01-17,282,26140.54,104.98208835341366,282,232.0
2018-01-18,241,22257.42,102.09825688073394,241,206.0
2018-01-19,235,22363.63,109.62563725490196,235,197.0
2018-01-20,184,17181.71,108.74499999999999,184,155.0
2018-01-21,199,19326.01,106.7735359116022,199,167.0
2018-01-22,314,28677.2,101.33286219081272,314,271.0
2018-01-23,262,25126.65,109.72336244541485,262,222.0
2018-01-24,244,23017.33,105.58408256880735,244,199.0
2018-01-25,233,22356.12,110.12866995073891,233,195.0
2018-01-26,229,21662.95,108.31475,229,185.0
2018-01-27,153,15854.89,114.89050724637681,153,130.0
2018-01-28,156,14994.93,111.90246268656716,156,128.0
2018-01-29,246,23881.46,111.07655813953488,246,210.0
2018-01-30,258,23979.11,101.60639830508475,258,227.0
2018-01-31,256,23695.21,103.9263596491228,256,221.0
2018-02-01,232,21003.41,102.45565853658536,232,199.0
2018-02-02,212,19330.48,103.92731182795698,212,183.0
2018-02-03,193,18667.05,109.80617647058823,193,168.0
2018-02-04,201,20462.03,112.42873626373625,201,172.0
2018-02-05,271,25962.02,107.2810743801653,271,235.0
2018-02-06,268,28794.0,119.47717842323651,268,233.0
2018-02-07,248,23371.29,105.27608108108109,248,218.0
2018-02-08,230,21599.29,105.87887254901962,230,197.0
2018-02-09,216,20221.81,108.71940860215055,216,180.0
2018-02-10,179,16606.87,103.7929375,179,147.0
2018-02-11,172,15002.04,96.16692307692308,172,148.0
2018-02-12,218,20242.84,100.71064676616915,218,194.0
2018-02-13,224,23126.07,110.65105263157895,224,198.0
2018-02-14,295,29402.04,111.7948288973384,295,250.0
2018-02-15,283,25558.14,99.836484375,283,243.0
2018-02-16,214,22619.56,115.40591836734694,214,181.0
2018-02-17,204,18676.07,105.5145197740113,204,172.0
2018-02-18,202,16878.4,95.9,202,171.0
2018-02-19,259,23588.84,101.23965665236051,259,230.0
2018-02-20,289,25866.63,103.8820481927711,289,240.0
2018-02-21,266,23985.26,100.77840336134453,266,236.0
2018-02-22,279,26605.89,102.72544401544401,279,252.0
2018-02-23,235,23509.21,109.34516279069767,235,205.0
2018-02-24,191,19403.59,112.81156976744187,191,158.0
2018-02-25,237,22090.59,106.71782608695652,237,199.0
2018-02-26,299,28622.54,109.66490421455939,299,248.0
2018-02-27,298,31205.87,117.758,298,257.0
2018-02-28,313,27070.52,101.00940298507463,313,257.0
2018-03-01,277,26839.49,110.90698347107438,277,224.0
2018-03-02,266,26595.829999999998,112.69419491525423,266,233.0
2018-03-03,214,19482.0,106.45901639344262,214,165.0
2018-03-04,236,22686.93,109.59869565217392,236,200.0
2018-03-05,264,24827.87,112.34330316742081,264,211.0
2018-03-06,271,26104.61,113.49830434782609,271,216.0
2018-03-07,259,23622.03,107.37286363636363,259,206.0
2018-03-08,234,21661.51,106.70694581280787,234,204.0
2018-03-09,204,16700.25,98.8180473372781,204,158.0
2018-03-10,193,19809.7,124.58930817610063,193,161.0
2018-03-11,218,19561.04,105.16688172043011,218,181.0
2018-03-12,232,24010.47,117.12424390243903,232,187.0
2018-03-13,227,23258.92,124.37925133689839,227,184.0
2018-03-14,199,19615.38,111.45102272727273,199,174.0
2018-03-15,290,27130.74,109.84105263157895,290,237.0
2018-03-16,252,22204.84,101.85706422018349,252,210.0
2018-03-17,180,17481.33,107.90944444444446,180,150.0
2018-03-18,215,20689.74,110.64032085561499,215,172.0
2018-03-19,303,27631.62,108.78590551181102,303,239.0
2018-03-20,297,27377.71,102.1556343283582,297,261.0
2018-03-21,286,26732.23,104.01645914396887,286,235.0
2018-03-22,254,23940.99,106.40440000000001,254,213.0
2018-03-23,221,20003.06,101.53837563451778,221,185.0
2018-03-24,165,16976.38,117.0784827586207,165,131.0
2018-03-25,190,18356.4,108.61775147928995,190,161.0
2018-03-26,272,27271.64,112.22897119341563,272,225.0
2018-03-27,245,24045.11,112.88784037558686,245,195.0
2018-03-28,220,22027.55,111.81497461928933,220,184.0
2018-03-29,194,21141.9,118.77471910112361,194,164.0
2018-03-30,165,13739.4,98.13857142857142,165,131.0
2018-03-31,168,16666.88,111.85825503355706,168,142.0
2018-04-01,207,19488.15,108.26750000000001,207,166.0
2018-04-02,282,31068.46,124.77293172690763,282,227.0
2018-04-03,247,22750.55,108.33595238095238,247,202.0
2018-04-04,257,23721.85,106.85518018018017,257,213.0
2018-04-05,266,26310.82,110.54966386554622,266,220.0
2018-04-06,189,16465.53,99.7910909090909,189,157.0
2018-04-07,164,15178.36,106.14237762237762,164,133.0
2018-04-08,185,18309.05,108.33757396449704,185,152.0
2018-04-09,253,24592.91,114.92014018691589,253,201.0
2018-04-10,201,19266.81,108.24050561797753,201,171.0
2018-04-11,274,25064.91,108.97786956521739,274,218.0
2018-04-12,255,24192.35,107.52155555555555,255,207.0
2018-04-13,202,22701.57,128.25745762711864,202,166.0
2018-04-14,146,15371.81,118.2446923076923,146,123.0
2018-04-15,223,22066.35,112.01192893401014,223,190.0
2018-04-16,280,28962.39,114.93011904761904,280,229.0
2018-04-17,266,26674.27,110.2242561983471,266,217.0
2018-04-18,280,26259.93,108.06555555555556,280,225.0
2018-04-19,293,28595.24,111.70015625,293,230.0
2018-04-20,197,18056.86,108.12491017964072,197,149.0
2018-04-21,156,14589.89,105.72384057971014,156,129.0
2018-04-22,200,20654.37,116.69135593220338,200,159.0
2018-04-23,285,28289.12,112.2584126984127,285,226.0
2018-04-24,271,27233.94,114.42831932773109,271,207.0
2018-04-25,284,30468.65,120.90734126984128,284,229.0
2018-04-26,254,27555.58,118.77405172413793,254,211.0
2018-04-27,242,24854.27,115.60125581395349,242,186.0
2018-04-28,169,15826.94,104.1246052631579,169,140.0
2018-04-29,171,16457.84,106.86909090909091,171,145.0
2018-04-30,240,23285.53,112.49048309178744,240,192.0
2018-05-01,256,25102.64,109.6185152838428,256,195.0
2018-05-02,296,29921.05,112.06385767790262,296,237.0
2018-05-03,305,29457.06,110.32606741573034,305,234.0
2018-05-04,265,28178.06,118.89476793248946,265,211.0
2018-05-05,197,19472.17,114.54217647058823,197,150.0
2018-05-06,211,22706.86,120.1421164021164,211,165.0
2018-05-07,372,35241.31,108.76947530864197,372,277.0
2018-05-08,331,34484.24,116.5008108108108,331,256.0
2018-05-09,344,33747.55,108.86306451612904,344,277.0
2018-05-10,279,28725.84,119.691,279,221.0
2018-05-11,247,24708.21,111.80185520361991,247,208.0
2018-05-12,207,19952.6,109.03060109289616,207,156.0
2018-05-13,207,21806.45,123.2002824858757,207,163.0
2018-05-14,364,36122.55,112.88296875,364,293.0
2018-05-15,352,34041.06,107.04735849056603,352,299.0
2018-05-16,357,33199.06,107.78915584415584,357,288.0
2018-05-17,228,20909.9,104.54950000000001,228,187.0
2018-05-18,236,22834.52,108.22047393364929,236,204.0
2018-05-19,139,12109.86,102.62593220338984,139,113.0
2018-05-20,161,15962.11,110.84798611111111,161,141.0
2018-05-21,206,19188.47,103.72145945945947,206,181.0
2018-05-22,199,19104.12,106.134,199,178.0
2018-05-23,132,10202.52,90.28778761061947,132,112.0
2018-05-24,114,10036.84,101.38222222222223,114,95.0
2018-05-25,104,9593.47,103.15559139784945,104,89.0
2018-05-26,99,9172.55,113.24135802469135,99,79.0
2018-05-27,100,9419.02,105.83168539325843,100,84.0
2018-05-28,143,13336.95,113.025,143,117.0
2018-05-29,149,15166.41,118.487578125,149,114.0
2018-05-30,140,13759.85,112.78565573770491,140,116.0
2018-05-31,133,12181.66,110.74236363636363,133,104.0
2018-06-01,184,17091.45,110.26741935483871,184,141.0
2018-06-02,142,14179.46,119.15512605042017,142,115.0
2018-06-03,192,18667.83,113.82823170731709,192,153.0
2018-06-04,225,23072.94,112.55092682926829,225,177.0
2018-06-05,200,20748.61,119.93416184971099,200,156.0
2018-06-06,227,21392.82,106.43194029850746,227,192.0
2018-06-07,223,21388.88,112.57305263157895,223,170.0
2018-06-08,198,19402.02,114.12952941176471,198,164.0
2018-06-09,172,15780.47,109.58659722222222,172,131.0
2018-06-10,193,18520.829999999998,110.2430357142857,193,156.0
2018-06-11,294,29272.079999999998,116.6218326693227,294,227.0
2018-06-12,246,23920.02,113.90485714285714,246,196.0
2018-06-13,259,24860.329999999998,111.48130044843049,259,202.0
2018-06-14,212,23243.13,121.05796875,212,170.0
2018-06-15,186,17669.44,107.74048780487804,186,147.0
2018-06-16,165,15858.07,110.89559440559441,165,122.0
2018-06-17,152,15152.1,107.46170212765958,152,130.0
2018-06-18,246,23585.12,108.68718894009216,246,196.0
2018-06-19,231,23511.37,115.8195566502463,231,192.0
2018-06-20,217,20171.0,105.60732984293193,217,175.0
2018-06-21,234,22680.25,108.00119047619047,234,189.0
2018-06-22,179,16428.64,102.04124223602484,179,153.0
2018-06-23,151,14025.73,103.89429629629629,151,122.0
2018-06-24,199,19190.86,109.66205714285715,199,155.0
2018-06-25,241,23697.44,112.84495238095238,241,194.0
2018-06-26,243,24924.7,114.86036866359447,243,199.0
2018-06-27,215,21833.16,114.3097382198953,215,164.0
2018-06-28,243,22634.64,106.26591549295775,243,198.0
2018-06-29,174,16400.48,104.46165605095541,174,144.0
2018-06-30,124,12237.4,113.30925925925925,124,104.0
2018-07-01,161,13859.789999999999,102.6651111111111,161,124.0
2018-07-02,195,18356.58,104.89474285714287,195,161.0
2018-07-03,216,19432.97,102.27878947368421,216,182.0
2018-07-04,256,24701.0,111.26576576576576,256,211.0
2018-07-05,195,18984.53,111.67370588235293,195,158.0
2018-07-06,121,12736.51,117.93064814814815,121,94.0
2018-07-07,91,7768.66,92.48404761904762,91,73.0
2018-07-08,122,10920.12,101.11222222222223,122,98.0
2018-07-09,148,14748.75,113.45192307692308,148,118.0
2018-07-10,134,11588.98,100.77373913043478,134,105.0
2018-07-11,127,11755.65,109.86588785046729,127,92.0
2018-07-12,124,12068.28,117.16776699029127,124,92.0
2018-07-13,168,16681.68,119.15485714285714,168,122.0
2018-07-14,148,15608.73,119.15061068702289,148,113.0
2018-07-15,152,15756.43,118.4693984962406,152,110.0
2018-07-16,245,25974.06,118.06390909090909,245,189.0
2018-07-17,221,22283.56,112.54323232323233,221,175.0
2018-07-18,307,29740.72,109.74435424354245,307,243.0
2018-07-19,253,24447.86,115.86663507109004,253,199.0
2018-07-20,250,24940.39,108.43647826086956,250,201.0
2018-07-21,187,19571.75,113.13150289017341,187,152.0
2018-07-22,215,21753.47,109.8660101010101,215,185.0
2018-07-23,307,29808.36,108.78963503649635,307,250.0
2018-07-24,271,27540.16,114.75066666666666,271,217.0
2018-07-25,268,28034.76,117.79310924369747,268,216.0
2018-07-26,247,22987.84,109.46590476190477,247,194.0
2018-07-27,189,18578.6,110.58690476190475,189,151.0
2018-07-28,176,16607.84,111.4620134228188,176,140.0
2018-07-29,188,16954.04,106.62918238993711,188,155.0
2018-07-30,288,27590.51,108.62405511811023,288,234.0
2018-07-31,322,30459.93,108.78546428571428,322,259.0
2018-08-01,311,29230.41,107.0710989010989,311,245.0
2018-08-02,302,29796.15,110.76635687732343,302,249.0
2018-08-03,314,31345.61,109.98459649122807,314,258.0
2018-08-04,245,23596.6,110.26448598130841,245,207.0
2018-08-05,276,27585.94,113.05713114754097,276,231.0
2018-08-06,372,36125.48,111.15532307692308,372,305.0
2018-08-07,370,38032.18,116.30636085626911,370,291.0
2018-08-08,316,30828.37,108.93416961130741,316,249.0
2018-08-09,289,28049.53,109.5684765625,289,240.0
2018-08-10,256,25844.24,113.35192982456141,256,206.0
2018-08-11,188,18088.37,110.29493902439023,188,154.0
2018-08-12,197,18486.89,112.72493902439024,197,147.0
2018-08-13,292,28814.4,112.11828793774319,292,237.0
2018-08-14,316,30860.67,110.61172043010752,316,259.0
2018-08-15,288,27122.73,109.80862348178138,288,231.0
2018-08-16,320,29121.54,99.05285714285715,320,273.0
2018-08-17,257,22687.18,99.07065502183406,257,216.0
2018-08-18,198,19262.34,110.70310344827587,198,163.0
2018-08-19,204,17312.31,95.64812154696133,204,173.0
2018-08-20,256,22700.4,102.25405405405407,256,219.0
2018-08-21,243,22373.21,102.16077625570776,243,207.0
2018-08-22,187,17079.49,100.46758823529413,187,160.0
2018-08-23,144,13185.63,99.89113636363636,144,131.0
2018-08-24,99,8616.64,95.74044444444444,99,91.0
2018-08-25,69,4735.24,83.07438596491228,69,58.0
2018-08-26,73,6425.24,97.3521212121212,73,66.0
2018-08-27,67,4413.68,71.18838709677419,67,62.0
2018-08-28,44,3215.48,80.387,44,37.0
2018-08-29,14,905.51,82.3190909090909,14,10.0
2018-08-30,4,214.05,71.35000000000001,4,0.0
2018-08-31,1,63.89,63.89,1,0.0
2018-09-03,4,458.64,114.66,4,1.0
2018-09-06,3,176.58999999999997,88.29499999999999,3,0.0
2018-09-10,1,51.17,51.17,1,0.0
2018-09-11,1,258.67,258.67,1,0.0
2018-09-12,1,84.58,84.58,1,0.0
2018-09-13,1,0.0,,1,0.0
2018-09-17,1,84.58,84.58,1,0.0
2018-09-20,1,191.46,191.46,1,0.0
2018-09-25,1,221.54,221.54,1,0.0
2018-09-26,1,94.63,94.63,1,0.0
2018-09-29,1,137.03,137.03,1,0.0
2018-10-01,1,80.38,80.38,1,0.0
2018-10-03,1,197.55,197.55,1,0.0
2018-10-16,1,222.03,222.03,1,0.0
2018-10-17,1,89.71,89.71,1,0.0
